{
  "Lunes 14 de abril": {
    "Aeropuerto O’Hare": [41.9742, -87.9073],
    "Hampton Inn Majestic Chicago": [41.882, -87.629],
    "The Bean (Cloud Gate)": [41.8826, -87.6233],
    "Millennium Park": [41.8827, -87.6226],
    "Chicago Cultural Center": [41.8837, -87.624],
    "Cadillac Palace Theatre": [41.8842, -87.6322],
    "Chicago Theatre": [41.8855, -87.6276]
  },
  "Martes 15 de abril": {
    "Hampton Inn Majestic Chicago": [41.882, -87.629],
    "Navy Pier": [41.8917, -87.6078],
    "Centennial Wheel": [41.8923, -87.609],
    "FlyOver Chicago": [41.8916, -87.6093]
  },
  "Miércoles 16 de abril": {
    "Hampton Inn Majestic Chicago": [41.882, -87.629],
    "Chicago Seadog River & Lake Architectural Tour": [41.891758, -87.602437],
    "Skydeck Chicago (Willis Tower)": [41.8789, -87.6359]
  },
  "Jueves 17 de abril": {
    "Hampton Inn Majestic Chicago": [41.882, -87.629],
    "360 Chicago": [41.8988, -87.6239],
    "Magnificent Mile": [41.8947, -87.6241],
    "Field Museum": [41.8663, -87.6167],
    "Shedd Aquarium": [41.8676, -87.6131],
    "Adler Planetarium": [41.8661, -87.6068]
  },
  "Viernes 18 de abril": {
    "Hampton Inn Majestic Chicago": [41.882, -87.629],
    "Chicago Premium Outlets (Aurora)": [41.7678, -88.2982]
  },
  "Sábado 19 de abril": {
    "Hampton Inn Majestic Chicago": [41.882, -87.629],
    "State Street Shopping": [41.8842, -87.6289],
    "Revival Food Hall": [41.8791, -87.6313],
    "Aeropuerto O’Hare": [41.9742, -87.9073]
  }
}
